4847570 unvisited nodes; this is an error if the graph is strongly connected
1.11,0.30,0.20,AsyncTile
4847570 unvisited nodes; this is an error if the graph is strongly connected
1.11,0.28,0.21,Async
4847570 unvisited nodes; this is an error if the graph is strongly connected
1.12,0.32,0.20,Sync
4847570 unvisited nodes; this is an error if the graph is strongly connected
1.10,0.30,0.19,SyncTile
4847570 unvisited nodes; this is an error if the graph is strongly connected
1.13,0.28,0.22,Sync2p
4847570 unvisited nodes; this is an error if the graph is strongly connected
1.12,0.33,0.17,Sync2pTile
